{
    "original_scale_example": 14638.113360145207,
    "scaled_example": -1.0118170692140924
}