{
    "xgboost_lstm": {
        "mae": 205.54286480435016,
        "rmse": 299.4032320017845,
        "r2": 91.03577046668856,
        "mape": 122.24015004271406
    },
    "lightgbm_lstm": {
        "mae": 200.10759038605738,
        "rmse": 295.30263482516096,
        "r2": 91.27963538653177,
        "mape": 130.0235531911467
    },
    "xgboost_cnn": {
        "mae": 207.46240830011746,
        "rmse": 301.59382012367837,
        "r2": 90.90411676632064,
        "mape": 113.31066761913593
    },
    "lightgbm_cnn": {
        "mae": 203.47602813244393,
        "rmse": 303.2061609174663,
        "r2": 90.80660239816916,
        "mape": 117.32339726693226
    }
}