{
    "xgboost_lstm": {
        "mae": 327.5241518202995,
        "rmse": 512.5313190815161,
        "r2": 73.73116469605611,
        "mape": 102.92437748867431
    },
    "lightgbm_lstm": {
        "mae": 551.886384871027,
        "rmse": 763.4168693148349,
        "r2": 41.719468364553656,
        "mape": 89.90134074029415
    },
    "xgboost_cnn": {
        "mae": 195.93003905579056,
        "rmse": 289.25519674782765,
        "r2": 91.63314311543755,
        "mape": 99.17181957338693
    },
    "lightgbm_cnn": {
        "mae": 196.36843546368638,
        "rmse": 287.2266970534098,
        "r2": 91.75008244997888,
        "mape": 148.14449238672037
    }
}