{
    "xgboost_lstm": {
        "mae": 318.66572770959226,
        "rmse": 536.7209461571788,
        "r2": 71.1930625956143,
        "mape": 102.78907468844614
    },
    "lightgbm_lstm": {
        "mae": 461.34577475994087,
        "rmse": 718.1638877205472,
        "r2": 48.424063037410946,
        "mape": 108.60163446975962
    },
    "xgboost_cnn": {
        "mae": 191.44150442143416,
        "rmse": 288.3025378816653,
        "r2": 91.68816466509911,
        "mape": 124.67084357789764
    },
    "lightgbm_cnn": {
        "mae": 195.95800729489574,
        "rmse": 287.45620615012604,
        "r2": 91.73689295457763,
        "mape": 117.63526174154116
    }
}