{
    "xgboost_lstm": {
        "mae": 709.9901518688188,
        "rmse": 907.1682389336266,
        "r2": 17.704578627006274,
        "mape": 119.32691995830757
    },
    "lightgbm_lstm": {
        "mae": 436.3175639473076,
        "rmse": 655.12701821195,
        "r2": 57.08085900087194,
        "mape": 117.25073730893858
    },
    "xgboost_cnn": {
        "mae": 195.84245663191703,
        "rmse": 289.87469282533857,
        "r2": 91.59726624594157,
        "mape": 83.01467051821734
    },
    "lightgbm_cnn": {
        "mae": 198.0401390802776,
        "rmse": 289.2178942646572,
        "r2": 91.63530096371176,
        "mape": 125.44505652222529
    }
}